id,palabra,familiaridad_m,familiaridad_sd,dominancia_m,dominancia_sd,edad_de_adquisicion_m,edad_de_adquisicion_sd,experiencia_sensorial_m,experiencia_sensorial_sd,word,categoria_palabra
1,"abandono",3.84,1.79,4.31,2.58,6.73,2.07,3.67,1.73,"abandonment",1
2,"abatir",2.86,1.49,5.31,2.36,10.10,1.47,3.60,1.71,"to knock down",1
3,"abierto",5.27,1.49,4.13,2.28,3.33,1.83,3.23,2.03,"open",3
4,"abismo",3.55,1.56,6.43,2.50,9.17,2.17,4.64,1.92,"abyss",1
5,"abrazar",5.97,1.19,5.31,2.62,3.40,3.25,5.83,1.42,"to hug",1
6,"abrazo",6.09,1.06,6.25,2.57,2.73,1.46,5.40,1.57,"hug",1
7,"abroncar",2.40,1.58,4.35,2.21,8.74,2.78,3.42,1.84,"to get angry",2
8,"abuso",4.53,1.92,6.67,2.55,7.48,2.74,4.25,1.67,"abuse",1
9,"acariciar",5.20,1.39,5.33,2.62,3.93,1.82,5.40,1.63,"to caress",1
10,"acatar",3.87,1.46,5.10,2.70,9.15,2.58,3.41,2.08,"to comply with",1
11,"aceptación",4.58,1.64,5.77,1.63,7.23,2.90,4.20,1.65,"acceptance",1
12,"acera",5.15,1.18,3.28,1.92,4.93,3.10,2.20,1.61,"sidewalk",1
13,"aclamar",3.91,1.53,5.13,2.34,9.72,1.85,2.83,1.69,"to acclaim",2
14,"acné",4.55,1.92,3.40,2.27,9.77,1.95,4.31,1.86,"acne",1
15,"acogedora",4.43,1.24,5.83,1.78,8.62,2.43,4.36,1.81,"cozy",1
16,"acosar",4.17,1.44,6.00,2.48,9.80,2.16,5.10,2.41,"harass",1
17,"actuar",4.89,1.62,4.81,2.24,6.50,2.10,3.40,1.96,"to act",2
18,"acuarela",3.86,1.54,3.31,1.91,4.77,2.81,4.03,1.77,"watercolor",1
19,"acuático",4.31,1.50,3.94,1.79,6.43,2.39,4.27,1.98,"aquatic",3
20,"acuchillar",2.90,1.91,6.13,2.53,8.43,1.77,5.30,2.02,"to stab",1
21,"acusar",4.70,1.64,5.97,2.11,6.33,2.04,3.91,1.94,"to accuse",1
22,"admirar",5.45,1.47,7.03,1.54,6.98,2.63,3.86,1.79,"to admire",2
23,"adulterado",3.54,1.70,5.28,1.89,9.82,2.10,3.15,1.60,"adulterated",2
24,"adulterio",3.53,1.79,6.03,2.46,10.27,1.40,3.39,1.84,"adultery",1
25,"advertir",5.33,1.54,6.07,1.84,6.69,2.84,2.93,1.61,"to advise",1
26,"afamado",3.14,1.75,4.68,2.34,10.11,1.95,2.76,1.68,"famous",1
27,"afectuoso",4.85,1.25,5.33,2.12,7.40,2.39,4.53,1.63,"affectionate",3
28,"afición",4.90,1.17,5.63,1.69,7.93,2.13,3.50,1.87,"hobby",1
29,"agencia",4.47,1.60,4.37,2.13,8.09,2.24,2.67,1.63,"agency",1
30,"aglomeración",4.28,1.63,5.03,2.59,9.07,2.44,4.09,2.05,"conglomerate",1
31,"agonizar",3.98,2.08,4.97,3.25,9.35,2.20,4.89,2.03,"to be dying",1
32,"agradar",5.50,1.34,6.13,2.24,6.87,2.70,3.84,1.68,"to please",1
33,"agredir",3.81,1.83,5.84,2.50,7.23,2.25,4.27,1.60,"to assault",1
34,"agua",6.48,0.99,6.27,2.64,2.10,0.31,4.90,2.19,"water",1
35,"aguijón",3.80,1.40,6.37,1.61,6.43,2.11,4.47,1.80,"sting",1
36,"ahogar",3.87,1.61,6.67,2.20,5.50,1.83,5.03,1.71,"to choke",1
37,"ahorcar",3.55,1.68,7.30,2.00,7.30,2.18,4.83,2.17,"to hang",1
38,"alabar",3.87,1.64,5.00,2.18,8.53,2.50,3.70,1.70,"to praise",2
39,"alarma",5.88,1.15,5.73,2.45,5.91,2.22,4.28,1.73,"alarm",1
40,"alarmar",4.54,1.65,5.53,1.98,8.70,2.05,3.57,1.68,"to alarm",1
41,"alegrar",5.75,0.99,6.40,1.96,4.47,2.18,5.23,1.83,"to cheer up",1
42,"alegría",6.08,1.21,7.90,1.06,3.55,1.48,5.52,1.56,"happiness",1
43,"alentador",4.16,1.91,5.46,2.12,9.90,2.17,3.38,1.78,"encouraging",1
44,"alicatar",2.92,1.43,3.50,1.87,10.48,1.21,1.93,1.36,"to tile",2
45,"alimentar",5.36,1.28,4.69,2.51,3.87,1.59,4.40,2.01,"to feed",1
46,"alterado",4.55,1.42,5.10,2.17,7.63,2.14,4.20,1.40,"annoyed",1
47,"alto",5.84,1.30,5.85,2.03,3.80,2.57,3.77,1.70,"tall",3
48,"aludir",3.27,1.65,4.03,1.90,10.55,0.69,2.38,1.27,"to allude",1
49,"amar",5.75,1.24,8.07,1.26,4.93,2.75,5.67,1.86,"to love",2
50,"amargura",3.72,1.34,4.27,2.63,9.69,2.04,5.08,2.11,"bitterness",1
51,"amenazado",4.53,1.70,6.30,2.58,7.66,2.83,4.19,1.81,"threated",1
52,"amenazador",4.38,1.54,7.30,1.68,7.63,2.58,4.43,1.98,"threatening",1
53,"amenazar",3.69,1.73,5.56,2.73,7.30,2.34,3.77,1.70,"to threaten",2
54,"amistad",6.06,1.03,6.78,2.34,4.37,2.44,4.80,1.73,"friendship",1
55,"amistoso",5.35,1.09,5.43,2.25,5.30,2.15,4.47,1.66,"friendly",1
56,"amordazar",3.45,1.60,6.94,2.22,9.97,1.35,4.20,1.99,"to gag",1
57,"amplia",4.62,1.48,4.30,1.73,7.39,1.78,2.82,1.61,"broad",1
58,"amputación",3.55,1.62,5.37,2.99,9.37,2.27,5.26,1.96,"amputatation",1
59,"ancho",5.10,1.56,4.23,1.61,5.21,1.78,3.15,1.64,"wide",3
60,"anclar",3.18,1.51,4.50,2.49,8.83,2.00,1.67,1.15,"to anchor",1
61,"animar",5.48,1.40,6.48,1.94,5.80,2.58,4.20,1.54,"to encourage",2
62,"aniquilar",3.72,1.80,7.00,2.68,8.97,2.23,4.57,1.73,"to annihilate",1
63,"anorexia",3.45,2.01,5.23,3.17,10.47,1.04,4.43,2.05,"anorexia",1
64,"anotar",4.66,1.55,4.19,2.16,7.23,2.19,1.83,1.09,"to write down",1
65,"ansiedad",5.65,1.24,6.17,2.64,9.33,2.45,4.94,1.81,"anxiety",1
66,"anticuado",3.65,1.54,3.13,1.83,8.27,2.10,2.93,1.51,"outdated",1
67,"antiguo",5.43,1.33,4.13,2.50,5.51,2.01,3.66,1.72,"antique",3
68,"antipático",4.47,1.56,4.91,1.89,6.80,2.95,3.27,1.70,"unpleasant",1
69,"apaciguado",3.18,1.55,3.27,1.95,9.31,2.47,3.45,1.72,"soothed",2
70,"aparato",4.70,1.59,3.53,2.13,5.17,1.82,2.50,1.66,"device",1
71,"apasionado",5.07,1.37,6.30,2.56,9.02,2.33,5.27,1.50,"passionate",1
72,"apendicitis",3.42,1.60,3.87,2.43,9.28,2.05,4.32,2.00,"appendicitis",1
73,"aperitivo",4.94,1.58,4.09,2.07,7.83,2.34,4.40,1.83,"appetizer",1
74,"apestoso",3.96,1.61,5.30,2.16,6.27,2.90,4.97,1.77,"stinky",1
75,"apilar",4.05,1.58,3.55,1.82,8.26,2.51,1.94,1.12,"to pile up",1
76,"aplastar",4.26,1.64,4.97,2.60,4.70,1.78,3.93,1.74,"to smash",2
77,"aplaudir",5.25,1.34,5.06,2.06,3.77,3.19,4.03,1.87,"to applaude",1
78,"aplausos",5.10,1.29,5.77,1.96,3.47,1.28,4.30,1.86,"applause",1
79,"apodar",3.59,1.63,4.00,2.15,8.70,2.04,3.07,1.53,"to nickname",2
80,"aprobar",6.30,0.95,7.87,1.28,5.36,1.76,5.18,1.86,"to pass",2
81,"araña",4.65,1.49,5.13,2.49,3.39,1.09,4.58,1.85,"spider",1
82,"armar",4.30,1.62,6.10,2.28,7.30,2.32,3.64,2.00,"to assemble",1
83,"armonía",4.40,1.72,4.81,2.18,9.10,1.71,4.73,1.78,"harmony",1
84,"aroma",4.65,1.51,4.70,2.17,7.23,2.22,5.23,1.74,"scent",1
85,"arrasar",4.54,1.46,6.38,2.27,8.87,1.93,3.23,1.68,"to devastate / to triumph",1
86,"arriesgado",4.90,1.46,6.23,1.92,7.47,2.32,4.20,1.75,"risky",1
87,"arrimar",4.68,1.15,4.53,1.72,7.50,2.66,2.63,1.54,"to bring closer",1
88,"arrollar",4.00,1.11,6.34,2.04,8.69,2.30,3.28,1.98,"to carry away",1
89,"arroz",5.70,1.23,3.57,1.96,3.30,1.12,3.67,1.65,"rice",1
90,"arruinar",4.73,1.76,5.97,2.92,8.17,2.45,3.41,1.90,"to ruin",1
91,"artículo",5.25,1.36,4.27,1.57,8.46,2.21,2.05,1.23,"article",1
92,"artístico",4.64,1.55,5.30,2.20,7.63,2.59,4.33,1.69,"artistic",3
93,"asaltar",4.10,1.55,6.56,1.92,8.83,2.02,3.30,1.95,"to rob",1
94,"asfixiar",3.60,1.98,5.60,3.04,7.12,2.07,4.67,1.96,"to strangle",1
95,"asombrar",4.77,1.57,5.30,2.17,6.89,2.49,3.82,1.73,"to astonish",2
96,"astuto",4.62,1.37,5.72,1.91,8.00,1.98,3.43,1.80,"clever",1
97,"asustar",5.20,1.43,5.87,2.13,3.88,1.56,4.73,1.79,"to scare",2
98,"atacar",4.47,1.61,5.78,2.47,5.70,1.93,4.13,1.85,"to attack",1
99,"ataque",5.10,1.61,7.17,1.80,5.28,2.12,4.41,1.54,"attack",1
100,"atardecer",5.03,1.19,5.37,1.65,6.21,2.63,4.38,1.79,"to get dark",1
101,"atasco",5.78,1.57,5.27,2.65,6.70,2.54,3.74,1.97,"traffic jam",1
102,"ataúd",3.48,1.58,5.09,2.66,7.57,2.14,4.50,2.05,"coffin",1
103,"atemorizar",3.85,1.14,5.47,2.30,7.74,2.96,4.65,2.01,"to frighten",1
104,"atender",6.03,1.19,4.67,1.99,4.84,2.13,3.63,1.89,"to pay attention",1
105,"aterrar",4.05,1.16,6.20,2.31,7.57,2.76,4.91,2.11,"to terrify",2
106,"aterrorizar",3.87,1.65,5.87,2.34,6.53,2.46,4.97,1.79,"to terrorise",2
107,"atmosférico",3.93,1.58,4.50,1.74,9.00,2.26,2.60,1.65,"atmospheric",3
108,"atontado",4.53,1.38,4.17,1.97,6.37,2.24,3.03,1.71,"scatterbrained",1
109,"atornillar",3.55,1.55,2.90,2.23,6.82,2.26,2.27,1.32,"to screw",2
110,"atracar",4.45,1.70,6.17,2.44,7.61,2.03,3.85,1.60,"to mug",1
111,"atractivo",5.43,1.38,6.57,1.77,7.87,1.83,4.77,1.65,"attractive",1
112,"atravesar",4.40,1.76,5.23,1.57,6.67,1.71,3.18,1.42,"to go through",1
113,"aturdido",3.65,1.62,3.57,1.94,9.63,1.63,3.50,2.03,"stunned",1
114,"ausencia",4.68,1.47,4.94,2.30,7.83,2.41,3.93,1.74,"absence",1
115,"auténtico",5.22,1.58,6.77,1.87,7.68,2.22,3.17,1.62,"authentic",3
116,"auxiliar",4.28,1.86,5.40,1.90,8.45,2.69,2.83,1.83,"to aid",1
117,"aventurero",4.39,1.52,6.06,1.84,5.93,2.29,4.37,1.67,"adventurous",3
118,"aversivo",4.38,1.61,5.17,2.02,9.94,2.16,4.55,1.88,"aversive",1
119,"avispado",3.81,1.75,4.97,2.32,9.03,2.08,3.00,1.60,"sharp / bright",1
120,"azulejo",4.10,1.64,3.17,1.76,7.53,2.91,2.24,1.92,"tile",1
121,"átomo",4.23,1.79,4.23,1.96,9.50,2.08,2.57,1.70,"atom",1
122,"babosa",3.63,1.95,2.27,1.57,5.85,2.23,3.89,1.77,"slug",1
123,"bailar",5.55,1.31,4.91,1.83,3.73,2.35,4.73,1.86,"to dance",1
124,"baile",5.04,1.70,4.50,2.49,3.97,1.45,4.47,1.81,"dance",1
125,"balneario",3.96,1.79,4.31,2.56,9.03,1.73,4.07,1.86,"spa",1
126,"barba",5.48,1.48,4.37,2.59,3.52,1.58,3.58,1.89,"beard",1
127,"bebé",5.30,1.38,4.43,2.61,2.90,1.30,4.97,1.63,"baby",1
128,"bello",4.98,1.22,5.87,1.46,5.91,2.69,4.15,1.93,"beautiful",3
129,"beneficio",4.98,1.15,6.63,1.52,8.47,2.52,3.46,1.76,"profit",1
130,"besar",5.88,1.19,6.63,2.01,3.67,2.12,6.20,1.16,"to kiss",1
131,"bienestar",4.98,1.38,6.50,1.94,8.17,2.77,4.90,1.58,"well-being",1
132,"bikini",5.15,1.26,4.27,1.93,5.37,2.24,3.60,1.85,"bikini",1
133,"binario",3.56,1.97,2.90,1.65,10.17,2.07,2.03,1.50,"binary",1
134,"bochorno",3.86,1.69,4.19,2.43,9.20,2.07,4.27,1.66,"embarrassment / sweltering",1
135,"bola",4.98,1.73,3.97,1.81,3.03,1.24,3.27,1.88,"ball",1
136,"bombardear",3.27,1.85,6.67,2.52,8.00,1.74,4.53,1.74,"to bomb",1
137,"bondadoso",4.55,1.65,4.73,2.31,8.10,2.66,3.90,1.81,"kind",3
138,"bonito",5.70,1.31,5.70,1.84,3.55,2.47,4.49,1.76,"pretty",3
139,"borroso",4.57,1.16,4.24,1.84,6.88,2.50,3.82,1.90,"blurred",3
140,"bosque",5.04,1.34,4.36,2.00,4.03,2.28,4.47,1.78,"forest",1
141,"botón",4.85,1.59,3.41,1.88,3.40,1.38,2.87,2.11,"button",1
142,"brincar",3.75,1.74,4.10,2.01,5.90,2.55,4.07,1.64,"to jump",1
143,"broma",5.82,1.29,4.70,2.14,4.77,2.56,3.53,1.62,"joke",1
144,"cachorro",5.43,1.58,2.93,1.91,3.75,1.21,4.90,1.52,"puppy",1
145,"caducado",4.73,1.31,3.93,2.00,7.60,2.57,3.57,1.91,"expired",2
146,"caer",5.00,1.51,4.33,2.43,2.43,0.68,4.97,1.77,"to fall",2
147,"calavera",3.42,1.61,5.10,2.11,6.14,2.34,3.85,1.95,"skull",1
148,"calentar",5.95,1.19,3.97,2.28,4.38,1.81,4.13,1.74,"to heat",1
149,"calma",5.60,1.19,4.00,2.68,5.69,2.73,3.98,1.51,"calm",1
150,"calmado",5.25,1.09,3.33,1.94,5.60,2.08,3.77,1.83,"calmed",1
151,"calmante",4.50,1.59,3.77,2.42,8.46,2.27,3.81,1.61,"painkiller",1
152,"camping",3.63,1.61,3.93,2.07,6.43,1.76,3.83,1.98,"camping",1
153,"canal",4.50,1.63,3.63,1.45,7.07,2.86,2.12,1.49,"channel / canal",1
154,"canción",6.11,1.15,5.00,2.76,2.93,1.41,5.07,1.62,"song",1
155,"cansancio",5.60,1.35,4.53,2.74,3.83,1.26,4.33,1.77,"tiredness",1
156,"cantar",5.97,1.57,4.97,2.17,3.82,2.59,4.14,1.80,"to sing",2
157,"capa",4.23,1.87,3.10,1.77,4.94,2.54,2.36,1.67,"cape",1
158,"caprichoso",5.43,1.55,5.93,2.35,5.73,2.88,2.86,1.63,"capricious",1
159,"carcajada",4.98,1.74,7.13,1.41,5.64,2.01,5.24,1.70,"guffaw",1
160,"carismático",3.98,1.85,6.33,1.94,9.36,2.01,3.76,1.80,"charismatic",1
161,"cartesiano",2.97,1.35,4.00,1.54,10.19,2.14,2.11,1.43,"cartesian",1
162,"castigar",4.73,1.68,7.13,1.85,3.39,1.60,4.48,1.99,"to punish",1
163,"catástrofe",4.21,1.60,6.63,2.41,8.87,2.15,5.57,1.81,"catastrophe",1
164,"cauto",4.02,1.68,3.65,2.21,10.10,1.23,2.38,1.24,"wary",1
165,"cazar",3.45,1.70,5.57,2.50,5.93,1.66,3.33,1.65,"to hunt",2
166,"cefalea",3.74,1.49,4.70,1.84,10.47,2.11,4.93,2.02,"headache",1
167,"ceguera",3.87,1.58,5.20,2.52,6.67,2.19,4.40,1.81,"blidness",1
168,"celda",4.15,1.75,6.43,1.92,7.13,2.29,3.47,1.81,"cell",1
169,"celebración",5.07,1.33,6.27,1.98,4.70,1.60,4.63,1.54,"celebration",1
170,"celebrar",5.35,1.51,6.80,1.42,4.09,1.65,4.82,1.61,"to celebrate",1
171,"celulitis",4.50,1.59,4.70,2.07,10.47,1.38,3.57,1.89,"cellulite",1
172,"chaquetero",4.02,1.53,4.10,2.06,8.66,2.30,3.31,1.44,"turncoat",3
173,"charca",3.53,1.27,3.20,1.40,5.57,2.74,3.52,1.83,"pond",1
174,"charlar",5.50,1.40,5.00,2.37,5.67,1.86,3.77,2.03,"to chat",2
175,"chimenea",4.05,1.82,4.23,1.94,4.42,1.41,3.55,1.91,"fireplace",1
176,"chistoso",4.65,1.45,3.87,2.26,6.57,2.51,4.17,1.58,"humoruous",1
177,"chivato",3.96,1.68,3.78,2.18,5.40,1.83,3.53,1.89,"snitch",1
178,"chuchería",4.73,1.80,3.78,2.57,3.07,1.36,4.40,1.87,"candy",1
179,"chulo",4.94,1.61,5.16,2.17,5.73,1.80,3.43,1.79,"pimp",1
180,"cifrado",3.11,1.52,4.31,2.16,10.03,1.70,1.48,1.09,"coded",1
181,"cine",5.63,1.25,5.17,2.28,4.13,1.46,4.60,1.89,"cinema",1
182,"cirugía",4.83,1.67,6.70,2.15,8.39,2.21,4.31,2.05,"surgery",1
183,"cita",5.29,1.19,4.81,1.86,8.63,2.25,3.33,1.94,"date",1
184,"claridad",4.75,1.43,4.83,2.02,6.97,1.98,3.82,1.61,"clarity",1
185,"clase",6.00,1.36,4.57,1.81,3.64,2.16,3.01,1.95,"class",1
186,"clavel",3.75,1.57,2.50,1.93,5.93,2.11,4.18,1.59,"carnation",1
187,"coaccionar",4.12,1.77,6.88,2.03,10.01,1.97,3.10,1.73,"to coerce",2
188,"coacción",3.36,1.44,5.72,2.67,10.22,2.15,4.98,2.16,"coercion",1
189,"cobrar",5.28,1.04,6.60,1.40,7.70,2.71,3.66,1.97,"to cash",1
190,"cocer",4.90,1.59,3.83,1.97,6.93,2.12,3.63,1.94,"to boil",1
191,"codicioso",3.80,1.55,5.10,2.38,9.64,2.01,3.39,1.69,"greedy",1
192,"colorado",4.08,1.58,4.27,2.02,5.59,2.68,3.40,1.83,"red-colored",1
193,"comentario",5.85,1.13,4.97,1.71,6.52,2.28,3.09,1.81,"comment",1
194,"comenzar",5.30,1.15,5.57,1.89,5.11,2.69,2.95,1.70,"to begin",1
195,"compadecer",3.96,1.43,4.21,2.23,9.23,2.46,3.47,1.81,"to pity",2
196,"compañía",5.19,1.57,5.69,2.48,5.60,1.89,4.03,1.79,"company",1
197,"compartir",5.65,1.40,6.73,1.48,4.06,1.54,4.36,1.80,"to share",1
198,"compasivo",4.70,1.22,4.17,1.98,8.30,2.20,3.77,1.68,"compassionate",1
199,"competente",4.59,1.76,6.22,2.15,9.63,2.03,2.97,1.92,"competent",1
200,"competitivo",4.82,1.55,5.91,1.77,8.33,2.40,3.90,1.92,"competitive",3
201,"complacer",5.04,1.26,3.69,2.33,8.53,2.18,3.30,1.68,"to please",1
202,"complacido",4.08,1.41,5.52,1.88,9.93,1.36,3.43,1.74,"pleased",1
203,"comprensión",5.07,0.98,5.30,1.73,7.00,2.05,3.50,1.87,"understanding",1
204,"comunicación",4.98,1.49,6.03,2.51,6.10,1.49,3.73,1.87,"communication",1
205,"comunicativo",4.68,1.46,5.03,1.73,8.77,2.11,3.90,1.79,"communicative",3
206,"condena",4.55,1.62,6.70,1.90,8.68,2.04,4.15,1.88,"condemnation",1
207,"confidente",3.75,1.69,5.67,1.99,8.82,2.13,3.76,1.73,"informer",1
208,"conflicto",4.73,1.70,6.88,1.32,8.00,2.51,4.43,1.85,"conflict",1
209,"confundido",5.13,1.19,4.53,2.43,6.07,1.89,3.40,1.79,"confused",1
210,"congelado",5.04,1.50,4.85,2.00,5.10,2.56,4.53,1.80,"frozen",1
211,"conocer",5.67,0.94,5.63,2.36,3.87,1.33,3.60,1.81,"to know",2
212,"consciente",5.28,1.32,6.43,1.65,8.47,2.11,3.57,1.83,"aware",1
213,"conseguir",5.48,1.37,6.90,1.77,5.24,1.77,4.39,1.95,"to obtain",2
214,"conservar",5.25,1.53,4.70,2.35,7.34,2.64,2.49,1.40,"to keep",2
215,"contentar",4.85,1.40,3.66,2.13,7.00,3.21,3.73,1.68,"to satisfy",2
216,"contento",5.73,1.10,6.13,2.49,3.13,1.28,4.60,1.73,"happy",1
217,"contrario",4.80,1.56,4.20,2.11,5.73,1.98,2.83,1.76,"opposite",1
218,"cooperar",5.22,1.52,5.87,1.81,8.14,2.67,3.06,1.54,"cooperate",1
219,"coordinación",4.35,1.91,5.27,1.68,8.27,1.77,3.52,1.79,"coordination",1
220,"coquetear",4.44,1.61,4.84,2.26,9.30,2.04,3.83,1.70,"to flirt",2
221,"correr",5.97,0.93,5.31,1.82,4.17,3.44,3.90,1.83,"to run",1
222,"corromper",3.69,1.85,5.48,2.14,10.03,1.43,3.67,2.07,"to corrupt",1
223,"cosa",6.33,1.40,2.60,1.57,2.79,1.09,2.08,1.60,"thing",1
224,"cómico",4.87,1.48,4.66,1.81,7.90,2.54,4.20,2.02,"comedian",1
225,"cómodo",5.43,1.19,4.50,2.44,5.33,2.11,4.23,1.87,"comfortable",3
226,"creativo",5.15,1.16,5.70,2.02,7.53,2.50,4.10,1.77,"creative",3
227,"crecer",5.58,1.24,5.07,2.29,4.06,1.68,4.03,1.71,"grow",2
228,"creído",4.83,1.67,5.33,2.06,7.48,2.03,3.67,1.96,"vain",1
229,"crédulo",3.09,1.48,4.25,2.14,9.47,1.74,3.22,1.72,"gullible",1
230,"crisis",6.40,0.89,6.47,2.58,8.85,2.14,4.36,2.09,"crisis",1
231,"cuadrada",3.66,1.69,3.62,2.08,4.17,1.77,2.48,1.81,"square",1
232,"cucaracha",4.38,1.64,5.23,2.54,3.67,1.49,4.30,2.09,"cockroach",1
233,"cuento",4.92,1.63,3.50,1.98,3.37,3.18,4.37,1.73,"story",1
234,"cuidar",5.48,1.14,6.30,1.60,4.51,2.61,4.29,1.81,"to take care",2
235,"culto",5.08,1.58,6.28,2.39,9.07,1.91,2.83,1.58,"cult",3
236,"danza",4.68,1.76,4.03,2.26,4.98,2.28,4.14,1.92,"dance",1
237,"dañar",4.59,1.59,6.91,1.67,5.73,2.82,4.93,1.60,"to damage",1
238,"dañino",4.14,1.47,4.84,2.20,8.13,2.43,4.03,1.85,"harmful",1
239,"dar",6.27,0.83,5.90,2.02,3.96,2.68,3.44,1.70,"to give",2
240,"decapitar",3.00,1.55,7.21,2.06,8.73,1.89,4.73,2.00,"decapitate",2
241,"decidir",5.70,0.96,6.97,1.22,6.81,2.69,3.60,2.08,"to decide",2
242,"decoro",3.20,1.67,3.93,2.42,9.88,2.26,2.64,1.48,"propriety",1
243,"defender",5.15,1.22,7.00,1.31,5.83,2.44,4.43,1.70,"to defend",1
244,"degollar",3.35,2.10,6.63,2.72,9.07,2.18,4.84,2.17,"to cut sb throat",1
245,"delfín",4.31,1.63,3.69,1.67,4.70,2.93,3.77,2.03,"dolphin",1
246,"delgado",5.25,1.22,4.63,2.17,5.51,2.54,3.22,2.13,"thin",3
247,"delicadeza",4.77,1.40,3.30,2.38,7.73,2.27,4.13,1.50,"fineness",1
248,"delicioso",5.03,1.24,6.30,1.70,5.95,2.74,5.42,1.67,"delicious",1
249,"delincuencia",4.96,1.46,5.97,2.42,8.80,2.20,3.77,1.96,"crime",1
250,"demencia",4.17,1.39,4.97,2.61,10.25,1.99,4.55,2.23,"dementia",1
251,"democracia",5.63,1.24,4.97,2.06,9.77,2.03,3.48,2.07,"democracy",1
252,"denigrar",4.08,1.67,6.13,2.98,10.57,1.07,4.61,2.31,"to denigrate",2
253,"denominar",3.80,1.46,3.93,2.13,8.63,1.83,2.07,1.46,"to refer to",2
254,"derruir",3.76,1.92,5.69,2.48,8.86,2.43,3.03,1.70,"to pull down",2
255,"derrumbar",4.47,1.45,6.16,1.85,7.77,2.70,3.73,1.82,"to demolish",2
256,"desafiar",4.44,1.43,6.88,1.98,8.70,2.39,2.93,1.70,"to defy",1
257,"desagradable",5.07,1.19,5.80,1.94,6.43,2.19,4.67,1.35,"disagreeable",1
258,"desahuciado",5.31,1.35,4.72,2.95,10.20,1.88,4.77,2.19,"evicted",1
259,"desahuciar",5.25,1.45,5.47,2.99,10.10,2.06,4.80,2.01,"to evict",2
260,"desahucio",5.32,1.52,6.33,2.67,10.20,1.81,4.63,2.01,"eviction",1
261,"desamor",3.63,1.73,3.25,2.18,9.77,2.05,4.80,1.86,"dislike",1
262,"desangrar",4.15,2.01,5.47,2.86,7.30,3.04,5.25,1.82,"to bleed out",1
263,"descansar",5.90,0.94,3.73,2.26,4.80,2.35,4.27,1.51,"to rest",1
264,"desconsiderado",4.27,1.67,5.03,1.96,9.50,1.80,3.47,1.68,"inconsiderate",1
265,"desear",5.52,1.22,6.40,2.25,5.63,2.20,5.03,1.61,"to desire",1
266,"desenroscar",3.75,1.82,3.31,1.94,7.17,2.04,2.43,1.65,"to unscrew",2
267,"desenterrar",3.09,1.71,3.91,2.41,6.37,2.20,3.67,1.84,"to dig up",1
268,"desfavorable",4.17,1.51,4.73,2.08,8.41,2.41,3.61,1.93,"unfavorable",1
269,"desierto",3.42,1.91,2.94,1.70,5.73,1.82,3.40,1.83,"desert",3
270,"desmayo",3.98,1.21,3.67,2.31,8.26,2.26,4.11,1.51,"faint",1
271,"desobedecer",5.37,1.43,6.30,2.42,4.60,2.63,3.74,1.45,"to disobey",1
272,"desollar",2.55,1.90,4.54,2.79,9.96,1.79,3.69,2.12,"to skin",1
273,"desorden",5.25,1.33,4.90,1.90,4.79,2.37,3.76,1.80,"mess",1
274,"despachar",3.75,1.70,4.83,1.95,9.15,1.92,2.79,1.76,"to serve",1
275,"despacho",5.06,1.40,5.38,2.62,8.17,2.57,2.37,1.77,"office",1
276,"despejado",4.98,1.34,4.00,2.13,7.30,2.58,2.33,1.35,"clear",1
277,"despierto",5.37,1.28,4.70,1.73,3.23,1.41,3.73,1.64,"awake",1
278,"despistado",5.45,1.18,3.97,2.11,6.07,1.68,2.70,1.32,"absentminded",1
279,"desprecio",4.08,1.14,5.10,2.32,8.76,2.35,4.79,2.11,"disdain",1
280,"destacar",5.58,1.19,6.97,1.71,7.22,2.82,3.36,1.86,"to stand out",1
281,"desterrar",3.45,1.68,6.27,2.13,9.04,2.23,3.91,1.79,"to exile",1
282,"destrozar",5.15,1.45,6.73,2.16,4.60,1.63,3.78,1.57,"to destroy",1
283,"devastar",3.48,1.43,6.43,2.51,9.91,2.11,4.62,1.91,"to devastate",1
284,"década",4.17,1.60,3.47,1.85,7.83,2.42,2.36,1.50,"decade",1
285,"diabetes",4.08,1.55,5.27,2.26,9.80,1.73,3.00,1.78,"diabetes",1
286,"dichoso",3.69,1.16,5.10,1.90,8.99,2.41,4.35,1.90,"fortunate",1
287,"dictadura",3.50,1.70,6.93,2.74,10.10,1.06,3.37,2.01,"dictatorship",1
288,"difamar",3.76,1.81,5.56,1.92,9.92,2.05,2.71,1.88,"to defame",1
289,"dificultad",5.30,1.23,5.97,2.27,5.73,1.78,3.53,1.83,"difficulty",1
290,"diminuto",3.68,1.75,2.97,1.77,5.82,2.13,3.58,1.84,"tiny",1
291,"dinámico",4.15,1.46,5.60,1.92,9.97,1.47,2.93,1.64,"dynamic",3
292,"discreto",4.43,1.58,4.47,1.87,7.79,2.20,3.61,1.71,"discreet",3
293,"disfrutar",6.00,0.99,5.90,2.73,5.82,2.08,5.05,1.48,"to enjoy",1
294,"disparar",4.90,1.89,6.87,2.16,6.05,2.59,3.97,2.01,"to fire",1
295,"dispuesto",4.68,1.55,5.93,1.87,7.85,2.12,3.45,1.75,"ready",1
296,"disputa",3.98,1.09,5.47,1.66,8.77,2.77,4.55,1.72,"argument",1
297,"distancia",5.77,1.09,5.33,2.26,6.43,2.90,3.50,1.68,"distance",1
298,"distraído",5.43,1.19,4.10,2.12,5.91,1.83,3.82,1.88,"distracted",1
299,"divertido",5.97,1.09,6.60,2.06,3.50,1.68,4.70,1.62,"funny",3
300,"divertir",5.88,1.26,7.40,1.59,4.06,2.11,4.97,1.76,"to entertain",2
301,"doméstico",4.98,1.37,3.41,1.86,7.07,2.85,2.37,1.56,"domestic",1
302,"donar",4.52,1.69,5.25,2.66,8.03,2.27,3.53,1.74,"to donate",2
303,"dormilón",5.58,1.20,4.87,2.49,3.97,1.49,4.30,1.85,"sleepyhead",1
304,"drogadicto",4.32,1.84,5.50,3.00,9.24,1.85,4.85,1.95,"drug addict",1
305,"ducha",5.88,1.37,4.40,2.43,3.99,2.34,3.96,1.78,"shower",1
306,"duplicar",4.52,1.52,4.41,2.08,8.23,2.50,1.97,1.27,"to double",2
307,"edición",4.32,1.62,2.57,1.74,8.69,2.06,2.40,1.61,"edition",1
308,"ejecutar",4.60,1.71,6.57,2.11,8.84,2.37,3.29,1.83,"to execute",1
309,"electrocutar",3.87,1.76,6.87,1.85,7.33,2.09,4.27,1.93,"to electrocute",2
310,"elegir",5.64,1.23,6.19,2.15,4.70,2.98,2.80,1.63,"to choose",2
311,"elemento",4.88,1.39,3.50,2.32,7.72,2.42,2.19,1.36,"element",1
312,"elevado",4.68,1.53,5.57,1.63,6.88,2.06,3.61,1.60,"high",1
313,"elíptico",3.15,1.44,3.41,1.92,9.63,1.90,2.30,1.51,"elliptical",3
314,"embalar",3.57,1.52,4.09,1.84,9.57,2.05,2.60,1.65,"to box up",2
315,"embargo",4.50,1.67,5.27,2.72,10.41,1.86,4.68,2.43,"seizure",1
316,"embestir",3.18,1.46,6.67,1.99,9.30,1.84,4.03,1.90,"to charge at",1
317,"embolia",2.82,1.73,3.97,2.40,10.45,1.35,3.76,1.81,"embolism",1
318,"empaquetar",3.87,1.53,4.10,1.83,7.39,2.38,2.97,1.72,"to pack",1
319,"empatar",4.73,1.65,4.63,1.59,5.24,1.87,3.36,1.64,"to (end in a) tie",1
320,"emplear",4.31,1.67,3.97,2.09,7.73,1.95,2.40,1.71,"to use",2
321,"enaltecer",2.54,1.73,5.48,2.32,10.88,0.44,3.00,2.00,"to uplift",1
322,"enamorar",5.58,1.22,6.67,2.50,6.88,2.72,5.87,1.47,"to win sb love",2
323,"enano",4.02,1.85,3.50,1.78,4.18,1.49,3.82,1.99,"dwarf / short",3
324,"encadenado",3.60,1.70,5.43,2.60,6.85,1.77,4.03,1.74,"chained",1
325,"encantador",4.98,1.28,5.93,1.86,6.68,2.65,4.33,1.74,"charming",1
326,"encantar",5.82,1.03,6.79,1.90,5.43,2.13,4.70,1.90,"to love sth",2
327,"encontrar",5.67,1.16,4.66,1.68,4.53,3.09,2.63,1.85,"to find",2
328,"endurecer",4.55,1.52,4.83,2.35,7.80,2.44,3.91,1.68,"to harden",1
329,"energía",5.38,1.46,6.19,2.42,6.70,2.31,3.87,1.78,"energy",1
330,"enfadar",5.60,1.28,6.30,2.65,3.36,1.50,5.12,1.62,"to make angry",2
331,"enfermar",5.25,1.72,5.07,2.90,3.91,1.38,4.76,1.75,"to make ill",1
332,"enfriamiento",4.15,1.33,4.07,1.87,6.80,2.61,3.87,1.57,"cooling",1
333,"enfurecer",4.05,1.61,6.56,2.11,7.43,2.85,4.87,1.48,"to infuriate",2
334,"engañado",4.55,1.56,5.13,2.76,5.33,2.37,4.17,2.10,"deceived",1
335,"engañar",4.85,1.61,6.13,2.52,4.77,1.87,4.23,1.92,"to deceive",2
336,"engatusar",3.79,1.79,6.17,2.17,9.32,2.30,2.78,1.39,"to cajole",1
337,"engordar",5.33,1.11,4.27,2.13,7.99,2.55,4.15,2.05,"to gain weight",1
338,"engrosar",2.90,1.47,3.33,1.84,9.41,2.05,3.76,1.97,"to increase",2
339,"enojo",4.70,1.74,5.37,2.24,8.47,3.00,3.72,2.12,"annoyance",1
340,"enriquecedor",4.23,1.58,6.00,2.08,9.03,2.06,3.43,1.63,"enriching",1
341,"enriquecer",4.55,1.10,6.53,1.48,9.43,2.26,4.01,1.89,"enrich",1
342,"enroscar",3.89,1.63,4.06,1.77,7.33,2.41,3.30,1.88,"to screw",2
343,"ensueño",3.25,1.61,4.14,2.18,9.97,1.63,4.03,1.56,"daydream",1
344,"entender",5.94,1.16,5.56,1.83,5.17,3.29,2.47,1.68,"to understand",1
345,"entero",5.46,1.39,5.56,2.18,5.07,3.12,1.80,1.19,"whole",3
346,"enterrar",3.51,1.83,3.50,2.27,6.03,2.06,3.77,1.79,"to bury",1
347,"entusiasmado",5.10,1.04,6.40,1.83,8.13,2.55,4.95,2.07,"enthusiastic",1
348,"entusiasmar",4.95,1.50,5.63,2.24,7.64,2.63,4.89,1.70,"to excite",2
349,"envenenar",3.83,1.68,7.37,1.61,6.70,2.05,3.97,1.81,"to poison",1
350,"enviar",5.93,1.42,3.37,2.37,5.53,1.77,2.76,1.55,"to send",2
351,"envidioso",5.45,1.28,5.30,2.67,5.62,2.57,3.36,1.82,"envious",3
352,"eructo",4.66,1.50,4.25,2.11,5.67,3.04,4.10,1.77,"burp",1
353,"esbozar",3.22,1.52,3.86,2.19,10.47,0.90,3.13,1.94,"to sketch",1
354,"escalera",5.79,1.06,3.52,1.87,3.83,2.25,3.13,1.94,"stairs",1
355,"esclavizar",4.17,1.74,6.22,3.36,8.87,1.98,4.60,1.99,"to enslave",1
356,"escupir",4.75,1.35,4.97,2.02,4.47,2.46,4.10,1.86,"to spit",1
357,"escurridizo",3.63,1.50,3.40,1.38,8.17,2.42,3.13,1.61,"slippery",1
358,"espacial",3.83,1.71,4.63,2.37,6.40,2.04,3.10,1.58,"spatial",1
359,"espantar",3.93,1.59,4.63,1.79,6.90,1.95,2.83,1.62,"to scare away",1
360,"espeso",4.00,1.75,3.31,1.84,7.23,2.62,3.37,1.96,"dense",3
361,"espléndido",4.23,1.38,6.20,1.97,9.40,1.45,4.03,1.65,"magnificent",1
362,"espontáneo",4.83,1.46,4.67,2.45,8.70,2.42,3.66,1.72,"spontaneous",3
363,"esquematizar",4.14,1.61,4.31,2.25,9.63,1.67,2.53,1.46,"to outline",2
364,"esquilar",3.49,1.62,3.46,1.73,7.80,2.48,2.77,1.65,"to shear",2
365,"estabilidad",5.15,1.51,6.17,2.07,8.58,2.28,3.88,1.96,"stability",1
366,"estable",4.92,1.36,5.83,1.86,8.39,2.00,3.73,1.88,"stable",1
367,"estacionar",4.55,1.64,4.21,1.73,8.83,2.13,2.50,1.33,"to park",1
368,"estación",5.40,1.77,3.30,1.97,5.24,2.45,3.10,1.78,"station",1
369,"estafa",4.66,1.61,6.18,2.38,8.93,1.84,3.33,1.90,"scam",1
370,"estallar",4.25,1.24,7.10,1.99,7.43,2.56,4.13,1.94,"to burst",1
371,"esterilidad",3.87,1.97,4.83,2.57,10.38,1.81,3.63,1.94,"infertility",1
372,"estrangular",3.25,1.90,5.09,2.84,8.03,1.92,4.13,2.11,"to strangle",1
373,"estrecho",4.53,1.31,4.17,1.62,6.06,2.51,2.86,1.81,"narrow",3
374,"estricto",4.73,1.34,6.80,1.75,7.55,2.40,4.42,1.75,"strict",1
375,"estudiar",6.59,0.56,6.79,1.96,5.60,2.43,4.37,1.71,"to study",2
376,"estudioso",5.38,1.25,5.84,2.29,6.07,1.80,3.60,1.90,"studious",1
377,"euforia",4.70,1.25,7.10,1.67,9.46,2.19,4.93,2.13,"euphoria",1
378,"exagerar",5.52,1.44,6.30,1.84,7.06,1.77,3.85,1.77,"exaggerate",1
379,"excitar",5.05,1.33,6.53,2.40,9.16,2.41,4.62,1.68,"to excite",2
380,"excursión",4.30,1.76,4.53,2.30,3.83,0.99,4.67,1.63,"trip",1
381,"exitoso",5.00,1.41,7.47,1.14,7.61,1.75,4.70,1.90,"successful",3
382,"explicar",5.37,1.34,5.17,2.26,4.30,1.26,3.27,1.60,"to explain",2
383,"explosión",4.80,1.61,7.52,1.72,6.57,2.33,4.97,1.85,"explosion",1
384,"explosivo",4.38,1.42,7.33,1.30,7.84,2.52,4.84,1.66,"explosive",1
385,"expresar",5.63,1.32,6.20,1.69,6.64,2.09,3.70,1.86,"to express",1
386,"extenso",4.13,1.46,4.87,2.46,8.20,1.86,2.53,1.50,"wide",3
387,"exterminar",3.65,1.80,7.62,2.14,9.22,2.12,4.31,1.95,"to exterminate",1
388,"externalizar",2.61,1.51,4.31,1.79,10.28,1.46,3.03,1.96,"to outsource",0
389,"fallecer",5.03,1.60,6.70,2.55,7.33,2.30,5.55,1.90,"to pass away",1
390,"falsear",4.38,1.45,4.80,2.34,8.88,2.48,3.66,1.77,"to falsify",1
391,"fantasma",4.05,1.76,4.61,2.12,4.83,2.34,4.40,1.92,"ghost",1
392,"fantástico",5.00,1.46,6.00,1.78,5.87,2.21,4.50,1.72,"fantastic",3
393,"farsa",4.38,1.68,5.33,2.11,9.12,2.09,3.42,1.58,"sham",1
394,"favorito",5.48,1.43,5.38,2.46,5.17,3.17,3.90,1.90,"favorite",3
395,"fe",3.78,2.01,4.87,3.15,6.03,2.59,3.93,2.10,"faith",1
396,"fecha",5.52,1.46,4.00,1.68,4.77,1.41,2.97,1.94,"date",1
397,"fecundo",2.83,1.55,4.22,2.14,10.03,1.45,3.41,1.84,"fertile",3
398,"felicidad",6.40,0.87,8.33,1.32,4.21,2.23,5.79,1.43,"happiness",1
399,"felicitar",5.27,1.45,5.03,2.42,4.20,1.92,3.93,1.95,"to congratulate",1
400,"ferrocarril",3.38,1.35,4.20,2.11,6.13,2.26,2.71,1.72,"railway",1
401,"festejar",4.44,1.66,5.90,1.57,7.73,2.60,4.58,1.84,"to celebrate",1
402,"fiel",5.38,1.43,6.34,2.09,8.40,2.57,3.87,1.76,"faithful",1
403,"fiesta",6.09,1.17,6.18,2.14,4.77,2.34,4.90,1.94,"party",1
404,"figura",4.77,1.57,3.66,1.62,5.43,3.01,2.57,1.61,"figure",1
405,"figurar",3.30,1.15,4.07,1.44,9.90,2.08,2.66,1.80,"to figure",1
406,"filosofía",4.40,1.64,5.67,2.25,10.30,1.21,3.03,2.06,"philosophy",1
407,"fino",5.10,1.45,3.70,1.78,5.61,2.05,3.61,1.87,"fine",3
408,"firme",4.47,1.43,6.20,2.02,7.13,2.15,3.40,1.61,"firm",1
409,"flirtear",3.81,1.81,4.45,1.79,10.57,0.90,3.80,1.83,"to flirt",1
410,"forma",5.00,1.51,3.77,1.63,4.64,1.95,3.12,1.80,"shape",1
411,"formal",4.98,1.65,4.17,2.61,7.81,2.45,2.91,1.32,"formal",1
412,"fortaleza",4.60,1.78,6.57,2.21,7.18,2.47,4.53,1.92,"fortress",1
413,"fortuna",4.50,1.66,6.22,1.95,7.93,2.52,3.27,1.66,"fortune",1
414,"fotografía",5.73,1.04,4.53,1.66,4.61,2.45,4.19,1.82,"photography",1
415,"fracasado",4.80,1.62,5.00,3.33,8.35,2.44,3.72,1.99,"loser",1
416,"frase",4.94,1.55,3.81,1.84,5.23,1.81,2.63,1.94,"sentence",1
417,"fraternidad",3.04,1.71,5.52,1.90,9.97,1.75,4.10,2.19,"fraternity",1
418,"fresco",4.73,1.30,3.91,2.28,5.47,1.98,4.50,1.76,"fresh",3
419,"frondoso",3.15,1.75,3.90,2.31,9.17,1.86,3.83,1.86,"lush",3
420,"funeraria",4.45,1.82,5.80,2.77,8.54,2.28,4.63,1.82,"funeral parlor",1
421,"furia",3.88,1.54,5.81,2.19,7.73,2.32,4.43,1.92,"fury",1
422,"fusilar",3.79,2.18,6.59,3.12,8.87,2.28,4.51,1.98,"to shoot",1
423,"ganador",5.55,1.38,7.50,1.38,4.21,1.65,5.00,1.60,"winner",1
424,"garganta",4.95,1.56,3.87,1.36,4.76,2.69,3.11,1.95,"throat",1
425,"gasto",5.33,1.06,5.57,1.85,7.43,2.21,3.40,1.83,"expense",1
426,"generador",2.73,1.59,3.60,2.04,9.87,1.55,2.20,1.58,"generator",1
427,"genuino",3.30,1.46,4.40,2.33,9.98,2.07,3.52,1.64,"genuine",1
428,"giratorio",3.30,1.61,3.40,1.75,6.93,2.45,2.97,1.68,"revolving",1
429,"giro",4.65,1.40,4.17,1.34,5.67,2.97,2.30,1.45,"turn",3
430,"golpear",4.83,1.37,7.03,1.56,4.37,1.94,4.67,1.73,"to hit",1
431,"gordura",4.80,1.45,4.80,2.27,5.82,2.28,3.83,1.61,"fatness",1
432,"gozoso",3.48,1.83,5.00,2.36,9.23,2.18,3.57,1.94,"joyful",1
433,"gracia",5.40,1.19,5.47,1.80,5.73,2.33,4.03,1.45,"flair",1
434,"grandioso",4.38,1.49,7.63,1.22,8.45,2.52,4.17,2.03,"grandiose",1
435,"grasa",5.22,1.63,4.60,1.77,6.76,2.36,3.94,1.64,"grease",1
436,"gratis",5.70,1.42,6.06,2.46,5.97,2.36,3.97,1.92,"free",1
437,"gráfico",5.60,1.16,4.47,2.17,9.00,1.97,2.10,1.37,"graphic",3
438,"grueso",4.65,1.42,3.93,2.42,6.11,2.10,3.27,1.86,"thick",3
439,"gustar",5.88,0.98,6.93,1.66,2.77,0.82,5.10,1.47,"to like",2
440,"hacienda",4.45,1.79,5.10,2.62,10.36,1.32,3.12,2.07,"tax office",1
441,"hacinamiento",3.12,1.61,3.78,2.28,10.11,2.17,4.04,2.19,"overcrowding",1
442,"halagador",4.50,1.78,5.43,2.33,9.49,2.42,2.89,1.66,"flattering",1
443,"hallar",4.47,1.62,4.93,2.26,8.17,1.80,2.70,1.64,"to discover",1
444,"hambre",5.98,1.20,6.61,2.45,3.10,2.60,5.77,1.55,"hunger",1
445,"hecho",6.23,1.11,4.57,2.57,4.94,2.43,2.76,1.88,"fact",3
446,"helado",5.52,1.30,4.17,2.34,3.16,1.68,5.58,1.45,"ice cream",3
447,"herir",4.70,1.66,6.47,2.40,5.93,2.50,4.25,1.61,"to wound",2
448,"hidromasaje",3.42,1.56,4.07,1.96,9.97,2.15,4.55,2.01,"jacuzzi",1
449,"hinchado",4.55,1.43,4.73,1.64,6.03,1.81,3.10,1.45,"swelled",3
450,"holgado",3.93,1.51,3.23,1.70,9.55,1.86,2.79,1.70,"loose",1
451,"hondo",4.65,1.77,4.00,2.02,4.85,2.46,3.01,1.55,"deep",3
452,"honrado",5.05,1.58,6.37,1.99,7.87,2.51,3.26,1.59,"honest",1
453,"horroroso",4.82,1.16,5.38,1.77,6.57,2.67,4.20,1.86,"dreadful",1
454,"hueco",4.30,1.22,3.50,1.33,5.55,2.38,2.63,1.55,"gap",3
455,"huérfano",4.00,2.04,4.77,2.93,7.05,2.64,3.77,2.18,"orphan",3
456,"humanitario",4.66,1.43,5.53,2.20,8.50,1.78,4.33,1.94,"humanitarian",3
457,"humedecer",3.53,1.51,4.03,2.22,7.67,2.52,3.73,2.00,"moisten",2
458,"humildad",5.50,1.31,5.73,2.55,7.56,2.88,3.66,1.71,"humbleness",1
459,"humillación",4.28,1.90,5.90,2.77,8.51,2.33,4.92,1.95,"humiliation",1
460,"huracán",4.28,1.91,7.48,1.68,6.80,2.02,4.52,1.91,"hurricane",1
461,"húmedo",4.77,1.45,4.03,1.79,6.17,2.97,4.13,1.85,"moist",1
462,"ideal",5.05,1.13,5.93,2.05,7.30,2.00,3.93,1.72,"ideal",1
463,"igual",5.94,1.32,3.40,2.22,4.19,1.68,2.81,1.53,"equal",1
464,"igualar",4.92,1.37,4.80,1.40,6.42,2.30,2.69,1.55,"equalise",1
465,"ilusionado",5.28,1.10,6.63,1.61,7.14,2.44,5.02,2.00,"thilled",1
466,"ilusionar",5.28,1.43,6.37,2.25,5.73,1.89,4.47,1.63,"to excite",2
467,"ilusión",5.48,1.10,6.67,1.90,5.96,2.80,5.23,1.78,"hope",1
468,"imaginación",5.82,1.11,6.80,1.69,5.27,1.92,4.94,1.69,"imagination",1
469,"impaciencia",5.45,0.95,5.50,1.81,7.43,2.21,3.93,1.70,"impatience",1
470,"implantar",4.02,1.88,5.03,1.87,9.58,2.00,2.93,1.67,"to implant",1
471,"imponer",4.47,1.82,6.34,1.98,8.63,2.51,3.50,1.85,"to impose",1
472,"imposibilidad",4.23,1.50,5.47,2.24,8.37,2.39,4.23,1.85,"impossibility",1
473,"imprimir",5.31,1.75,3.59,1.98,8.10,2.01,2.30,1.66,"to print",2
474,"imprudente",4.23,1.43,4.83,2.38,8.47,2.24,3.23,1.70,"imrpudent",1
475,"impuesto",5.33,1.55,5.30,2.44,9.52,1.95,3.73,2.08,"tax",1
476,"incapaz",4.35,1.70,5.00,2.27,7.36,2.35,3.64,1.81,"incapable",1
477,"incendiar",4.27,1.37,6.48,2.27,6.33,2.72,4.67,1.99,"to set fire",1
478,"inconsciente",5.07,1.16,5.03,2.22,9.04,2.29,4.06,1.92,"unconscious",1
479,"increpar",3.27,1.58,4.77,2.24,9.82,2.05,3.85,2.00,"to tell off",2
480,"inculto",4.68,1.42,3.03,2.15,9.03,1.97,2.60,1.69,"uneducated",3
481,"incurable",3.69,1.73,5.97,2.72,8.43,2.01,4.63,1.94,"incurable",1
482,"infancia",5.55,1.35,4.45,2.54,6.80,2.81,4.33,2.12,"childhood",1
483,"infarto",4.59,1.55,6.45,2.41,8.47,2.06,4.73,1.96,"heart attack",1
484,"infectar",4.40,1.73,5.07,2.32,6.73,2.20,4.55,1.64,"to infect",1
485,"infidelidad",4.08,1.57,4.97,2.75,9.77,1.63,4.43,2.27,"infidelity",1
486,"injuria",2.74,1.69,5.18,2.34,10.59,0.95,3.17,1.81,"insult",1
487,"injuriar",2.73,1.60,6.44,1.53,10.46,1.37,3.79,2.10,"to insult",1
488,"injusticia",5.52,1.22,6.23,2.31,7.50,2.01,4.77,1.72,"injustice",1
489,"inquietar",5.18,1.39,5.67,1.63,7.97,2.40,3.36,1.63,"to worry",1
490,"inscribir",4.43,1.66,4.57,1.25,8.94,1.98,3.03,1.99,"to record",1
491,"insensato",3.65,1.54,3.78,2.00,9.53,1.89,2.83,1.58,"foolish",1
492,"inspeccionar",3.93,1.64,4.69,2.43,9.23,1.83,2.60,1.50,"to examine",1
493,"instaurar",3.04,1.79,4.28,2.49,9.87,1.98,2.07,1.31,"to establish",1
494,"insuficiente",4.10,1.76,3.31,2.04,7.47,2.16,3.50,1.87,"unsatisfactory",1
495,"insultado",4.80,1.15,4.40,2.27,5.43,2.39,4.41,2.15,"insulted / offended",1
496,"inteligente",5.82,1.00,7.70,1.15,6.22,2.69,4.30,1.92,"intelligent",1
497,"interferir",4.47,1.55,4.97,1.75,9.56,2.20,2.41,1.46,"to interfere",1
498,"intimidar",4.48,1.34,6.94,1.87,9.40,1.71,4.43,1.85,"to intimidate",1
499,"inventar",5.09,1.42,5.58,2.05,5.13,2.52,3.87,1.89,"to invent",1
500,"invicto",3.81,1.81,6.61,2.67,10.73,1.19,2.74,1.81,"undefeated",1
501,"ira",4.68,1.53,7.10,1.75,7.46,2.81,5.12,1.66,"rage",1
502,"irrespetuoso",3.93,1.77,4.41,2.35,8.37,2.01,3.20,1.92,"disrespectful",3
503,"íntegro",3.98,1.37,4.73,2.07,9.84,2.14,3.55,1.80,"upright",3
504,"jabón",6.10,1.25,2.87,1.91,4.01,2.58,3.70,1.85,"soap",1
505,"jeringuilla",4.13,1.50,5.70,1.80,5.63,2.16,4.37,1.87,"syringe",1
506,"jugar",5.73,0.93,4.90,1.95,2.20,1.03,5.10,1.45,"to play",2
507,"justo",5.23,1.03,5.85,2.06,6.63,2.74,3.83,1.91,"fair",3
508,"labrador",3.80,1.55,4.17,1.74,7.17,2.53,3.00,1.74,"farmer",1
509,"lamentar",3.93,1.44,3.75,2.11,8.20,2.47,3.50,1.61,"to regret",2
510,"lanzar",5.06,1.51,4.03,1.87,5.03,2.16,3.15,1.50,"to throw",2
511,"lapidar",2.73,1.63,5.43,2.92,10.09,1.72,3.94,2.00,"to stone",1
512,"lastimar",4.02,1.70,5.40,2.67,6.63,2.44,4.33,1.81,"to harm",1
513,"lápiz",6.12,1.20,3.83,2.12,2.79,0.86,3.76,2.28,"pencil",1
514,"lealtad",4.75,1.22,7.37,1.13,9.11,2.72,4.76,2.23,"loyalty",1
515,"lectura",5.88,1.21,4.00,2.35,4.25,1.12,4.42,2.00,"reading",1
516,"leer",6.23,1.01,6.20,1.61,3.55,1.46,4.09,1.93,"to read",2
517,"legítimo",4.25,1.46,5.80,2.12,10.07,1.44,2.73,1.72,"legitimate",3
518,"lerdo",3.82,1.58,4.52,2.45,7.70,2.63,3.97,1.75,"dumb",1
519,"lesionar",4.65,1.50,5.77,2.36,7.03,1.85,4.37,1.63,"to injure",1
520,"ligar",5.58,1.25,5.27,2.50,8.03,2.61,4.53,1.57,"to make out with",1
521,"ligue",5.14,1.57,4.79,1.90,8.79,2.02,4.39,1.57,"fling",1
522,"limpio",5.73,1.17,5.77,1.98,3.90,2.28,4.46,1.57,"clean",3
523,"linchar",3.25,1.50,6.66,1.86,9.18,2.16,3.89,1.87,"to lynch",1
524,"lindo",4.96,1.52,4.75,2.66,5.30,2.22,3.67,1.77,"cute",3
525,"linea",5.48,1.31,4.03,1.49,4.57,2.39,3.00,1.60,"line",1
526,"listo",5.73,1.04,6.57,2.13,3.57,1.10,3.67,2.07,"smart / ready",3
527,"liviano",3.59,1.62,2.69,1.54,10.50,1.48,2.73,1.31,"light",3
528,"llamar",5.73,1.30,4.37,1.85,3.63,1.43,4.13,1.57,"to call",2
529,"llanto",4.28,1.97,4.87,2.84,3.90,1.86,4.87,1.68,"cry",1
530,"locuaz",2.40,1.58,4.87,1.80,10.41,1.40,3.10,1.47,"talkative",1
531,"locura",4.50,1.37,4.41,1.92,7.07,2.33,3.63,1.73,"madness",1
532,"lograr",5.18,1.42,7.10,1.84,6.52,1.89,4.55,1.86,"to achieve",1
533,"luminosidad",4.47,1.51,4.25,2.46,7.77,2.33,3.60,1.90,"brightness",1
534,"luminoso",4.62,1.29,5.17,2.20,6.55,2.69,4.49,2.01,"bright",3
535,"luna",5.63,1.31,4.33,2.11,3.13,1.25,4.30,1.68,"moon",1
536,"luz",6.35,1.16,4.30,2.64,2.99,1.69,4.92,1.63,"light",1
537,"maceta",4.84,1.40,2.94,1.84,5.20,2.34,3.13,1.53,"flowerpot",1
538,"madre",6.70,0.67,6.27,2.26,1.53,0.68,6.10,1.63,"mother",1
539,"madrugón",5.45,1.35,5.77,2.46,6.83,2.70,4.50,1.63,"getting up early",1
540,"malestar",5.50,1.40,5.03,2.77,6.84,3.11,4.65,1.72,"uneasiness / disconfort",1
541,"malévolo",3.23,1.53,6.73,1.59,8.93,2.13,4.00,1.74,"wicked",1
542,"malgastar",4.98,1.22,5.25,2.13,7.73,2.36,2.93,1.57,"to waste",2
543,"malo",5.93,1.11,4.93,2.42,2.73,1.11,4.24,1.72,"bad",3
544,"maloliente",3.23,1.70,3.34,2.15,7.77,2.30,4.43,1.79,"stinking",3
545,"maltratador",5.08,1.52,7.38,2.67,8.70,2.42,5.53,1.91,"bully",1
546,"maltratar",4.82,1.59,6.97,2.38,8.23,2.54,6.00,1.39,"to mistreat",1
547,"malversar",3.46,1.73,5.59,2.06,10.54,1.23,3.18,1.98,"to embezzle",1
548,"manantial",3.87,1.64,3.37,1.43,7.83,2.18,4.10,1.40,"natural spring",1
549,"mar",4.92,1.68,6.03,2.19,2.73,0.91,5.47,1.76,"sea",1
550,"maravilloso",5.28,1.13,7.00,1.26,6.35,2.65,5.04,1.98,"wonderful",3
551,"marcar",5.13,1.14,5.28,2.05,6.73,2.99,2.17,1.53,"to mark",2
552,"marginación",3.75,1.76,4.09,2.63,9.00,1.84,3.87,2.03,"marginalizartion",1
553,"martirio",2.83,1.65,4.06,2.38,9.70,1.86,3.73,2.03,"martyrdom",1
554,"masaje",5.13,1.72,4.33,2.32,6.74,2.49,4.81,1.65,"massage",1
555,"mascullar",2.82,1.74,3.22,2.02,10.17,1.40,2.16,1.28,"to mumble",2
556,"matar",5.30,1.98,7.53,2.29,5.41,2.32,5.44,1.72,"to kill",2
557,"mecánico",4.40,1.58,3.75,1.52,6.27,2.55,2.20,1.37,"mechanic",3
558,"medalla",4.05,1.22,5.93,2.32,5.53,2.32,3.38,1.83,"medal",1
559,"medio",4.50,1.55,3.80,1.97,4.83,1.91,2.27,1.36,"middle",3
560,"meditación",4.33,1.46,4.47,2.42,9.57,1.89,4.10,1.83,"meditation",1
561,"mentir",5.50,1.44,6.36,2.32,4.27,2.35,4.27,1.86,"to lie",1
562,"mentiroso",5.07,0.96,5.40,2.46,4.55,2.63,4.64,2.08,"liar",3
563,"merienda",5.80,1.11,4.97,1.94,3.27,1.18,4.79,1.80,"snack",1
564,"metástasis",2.90,2.13,4.00,2.92,10.83,0.46,4.27,2.05,"metastasis",1
565,"meticuloso",3.83,1.52,4.43,2.37,10.00,1.87,3.19,1.81,"meticulous",1
566,"metralleta",3.18,2.01,5.34,2.89,7.90,2.40,3.70,2.02,"submachine gun",1
567,"metro",6.39,0.86,4.19,2.19,7.43,2.74,2.23,1.33,"subway / meter",1
568,"mimado",5.45,1.45,3.77,2.01,5.25,2.82,3.49,1.64,"spoiled",1
569,"mitad",5.58,1.27,4.00,2.02,4.52,2.57,2.16,1.63,"half",1
570,"modular",2.69,1.61,3.93,2.05,10.53,1.04,2.03,1.19,"to modulate",1
571,"mojado",4.87,1.54,3.13,1.62,3.30,1.47,4.43,2.06,"wet",3
572,"monstruo",4.40,1.59,6.63,1.88,4.10,3.18,4.40,1.75,"monster",1
573,"monstruoso",3.80,1.73,6.00,2.12,5.03,1.94,4.43,1.76,"mostruoso",1
574,"moqueta",3.44,1.85,2.84,1.57,7.70,2.85,2.27,1.55,"carpet",1
575,"morder",5.05,1.49,6.33,1.88,2.80,1.00,4.33,2.02,"to bite",1
576,"mortal",4.77,1.47,7.30,1.95,6.53,2.32,4.47,2.08,"mortal",1
577,"mover",5.48,1.52,4.00,2.29,3.30,1.18,2.67,1.81,"to move",1
578,"muestrario",3.30,1.59,3.72,1.71,9.33,1.86,2.67,1.32,"sampling",1
579,"munición",3.23,1.85,6.06,1.89,8.47,2.05,3.73,1.91,"ammunition",1
580,"muñeco",4.80,1.34,3.20,1.69,2.17,1.15,4.20,1.77,"doll",1
581,"muñón",3.23,1.58,4.10,2.29,9.66,2.20,4.30,2.17,"stump",1
582,"murmurar",4.71,1.40,3.25,1.37,8.10,2.31,3.13,1.57,"to murmur",2
583,"muro",4.02,1.75,4.47,2.53,4.53,1.25,2.50,1.85,"wall",1
584,"mutilado",3.57,1.58,6.73,2.64,8.77,2.30,4.80,1.75,"amputee",1
585,"nacional",4.14,1.72,4.75,2.03,8.07,2.38,2.53,1.59,"national",1
586,"nariz",4.95,1.54,3.43,2.01,2.27,0.52,3.73,2.49,"nose",1
587,"navegar",4.38,1.84,3.44,1.98,6.10,2.02,3.40,1.57,"to navigate",1
588,"nazi",4.38,1.79,7.53,2.45,10.10,1.21,5.07,2.18,"nazi",1
589,"náusea",4.23,1.38,3.91,2.22,7.77,2.88,5.47,1.61,"nausea",1
590,"necio",3.38,1.64,4.67,2.45,9.69,1.77,2.97,1.59,"fool",1
591,"negativo",5.55,1.34,5.13,2.81,6.34,2.90,3.59,1.62,"negative",1
592,"negociar",5.10,1.50,5.87,1.63,8.24,2.72,2.64,1.55,"to negotiate",2
593,"nivel",5.13,1.40,5.00,1.44,6.36,2.29,3.12,1.85,"level",1
594,"noche",6.30,0.86,4.73,2.10,2.67,1.45,4.53,1.76,"night",1
595,"novedoso",4.83,1.31,4.90,2.17,7.58,2.43,3.27,1.76,"new",1
596,"número",6.15,1.06,4.40,1.98,3.06,1.12,3.55,2.09,"number",1
597,"oasis",3.93,1.88,3.73,2.27,8.43,2.25,3.82,1.95,"oasis",1
598,"objeto",5.63,1.40,3.37,1.94,4.81,2.45,2.19,1.57,"object",1
599,"odioso",4.92,1.51,6.03,2.11,6.30,2.08,4.48,1.97,"hateful",3
600,"ofensa",4.85,1.06,5.66,2.06,8.27,2.55,3.63,1.73,"offense",1
601,"oloroso",4.25,1.76,4.63,2.04,5.58,2.25,4.88,1.85,"fragrant",1
602,"olvidar",6.00,0.99,5.73,2.36,5.06,2.56,3.26,1.73,"to forget",1
603,"olvido",4.59,1.36,3.38,1.79,5.73,2.42,3.57,1.74,"forget",1
604,"oncología",3.97,2.22,6.28,2.54,10.31,1.87,4.79,2.17,"oncology",1
605,"ondulado",4.39,1.74,3.88,1.49,7.13,2.26,3.60,1.71,"wavy",1
606,"opaco",3.30,2.01,4.30,1.78,8.24,1.95,3.15,1.91,"opaque",1
607,"operación",4.17,2.08,4.25,2.57,6.73,2.16,4.30,1.91,"operation",1
608,"oprimir",4.29,1.50,6.66,2.43,9.93,1.57,4.00,2.05,"oppress",2
609,"orar",3.77,1.96,3.24,2.17,6.56,2.10,3.11,1.61,"to pray",1
610,"original",5.48,1.47,6.13,2.01,7.63,2.67,2.63,1.69,"original",1
611,"orquídea",3.12,1.49,3.40,1.87,9.38,2.17,3.54,1.94,"orchid",1
612,"oruga",3.25,1.83,3.60,2.08,5.45,1.97,3.67,1.98,"caterpillar",1
613,"oscilar",3.45,1.56,3.17,1.53,9.60,1.77,2.53,1.46,"to oscillate",1
614,"otear",2.41,1.16,4.00,2.20,9.88,2.52,3.16,2.03,"to watch over",2
615,"otitis",4.00,1.98,4.77,2.13,8.51,2.74,4.37,1.96,"otitis",1
616,"otorgar",3.33,1.58,5.70,2.26,10.27,1.01,2.83,1.56,"to grant",1
617,"ovacionar",3.22,1.67,5.68,2.23,9.92,1.57,3.46,1.88,"to cheer",2
618,"padecer",3.93,1.13,4.72,2.27,8.62,2.81,4.16,1.89,"to suffer",1
619,"paella",5.43,1.41,4.27,2.18,4.40,1.50,4.63,2.03,"paella",1
620,"paisaje",5.15,1.42,4.70,2.22,5.18,2.43,4.68,1.70,"landscape",1
621,"paranormal",3.52,1.69,5.36,2.10,9.63,1.75,4.27,1.96,"paranormal",1
622,"parásito",4.32,1.79,5.50,2.60,8.36,2.48,3.46,1.62,"parasite",1
623,"parcial",5.33,1.46,5.10,2.04,8.76,2.02,3.12,1.95,"partial",1
624,"parecido",5.84,1.20,4.42,1.92,5.70,2.63,3.43,1.76,"similarity",1
625,"pasear",5.94,1.06,4.12,1.80,4.27,2.77,4.07,1.57,"to walk",1
626,"paseo",5.97,1.28,3.80,2.46,4.06,2.52,3.46,1.72,"stroll",1
627,"pavor",3.37,1.79,5.75,2.24,9.90,1.65,4.17,1.95,"dread",1
628,"pedo",5.15,1.45,4.50,2.16,3.57,2.39,4.94,1.88,"fart",1
629,"pegar",4.95,1.52,7.27,1.80,3.27,1.23,4.70,1.93,"to hit / to glue",1
630,"peinar",5.60,1.39,3.30,1.82,2.87,1.01,4.00,2.20,"to comb",2
631,"pelear",4.90,1.16,5.87,1.87,4.40,2.51,4.66,2.14,"to fight",1
632,"peligrar",3.45,1.52,5.80,2.27,5.67,1.88,4.43,1.77,"to be in danger",1
633,"peligroso",5.55,1.20,6.93,2.32,4.87,3.00,4.30,1.87,"dangerous",3
634,"pelirrojo",4.15,1.58,3.97,1.75,5.23,1.74,3.03,1.85,"redhead",1
635,"pensión",3.95,1.50,4.27,1.86,9.70,1.58,2.50,1.50,"hostel / alimony",1
636,"pequeño",5.75,1.09,3.20,1.61,2.60,0.77,3.07,1.64,"small",3
637,"perder",5.50,1.19,5.09,2.69,4.20,2.59,4.33,1.75,"to loose",1
638,"perdonar",5.33,1.22,6.57,2.46,3.33,1.24,4.70,1.78,"to forgive",2
639,"perfil",4.85,1.75,3.27,1.95,8.43,2.33,2.26,1.44,"profile",1
640,"perfumado",4.75,1.52,3.97,2.35,6.73,2.69,5.00,1.66,"perfumed",1
641,"perjudicar",4.30,1.30,5.10,2.78,8.37,1.81,4.07,1.66,"to damage",1
642,"perseverar",4.11,1.87,5.67,2.37,9.49,2.37,3.17,1.66,"to persevere",1
643,"pesadilla",4.68,1.25,6.47,1.80,4.23,1.61,5.20,1.79,"nightmare",1
644,"pesado",5.30,1.01,4.60,1.83,5.09,2.60,3.89,1.82,"heavy / tiresome",3
645,"pérdida",4.96,1.38,4.47,2.44,6.57,3.09,4.37,2.03,"loss",1
646,"pie",5.78,1.44,4.03,1.96,2.85,1.44,3.88,2.22,"foot",1
647,"piropear",4.31,1.55,5.16,1.89,8.73,2.18,3.87,1.61,"to make flattering comments",2
648,"piropo",4.80,1.64,6.13,1.74,7.64,1.98,4.00,1.58,"flirtatious remark",1
649,"piscina",5.35,1.30,4.23,2.13,3.50,1.36,4.47,1.43,"swimming pool",1
650,"plenitud",4.02,1.49,6.70,1.82,10.21,1.98,4.23,2.17,"fullness",1
651,"poema",4.47,1.67,3.83,2.02,6.53,2.13,3.83,1.56,"poem",1
652,"político",6.35,1.10,5.83,2.63,8.21,2.22,3.76,1.89,"politician",3
653,"posible",5.80,1.22,6.43,2.18,6.15,2.71,2.94,1.71,"possible",1
654,"positivo",5.88,0.96,6.03,2.48,6.06,2.38,4.51,1.90,"positive",3
655,"pólvora",3.37,1.70,5.97,2.44,8.50,2.15,3.83,1.97,"gunpowder",1
656,"precintar",3.68,1.67,3.37,2.31,9.36,2.01,2.80,1.48,"to close off",2
657,"prejuicio",4.35,1.39,5.70,2.35,9.92,2.12,4.90,2.16,"prejudice",1
658,"premiar",4.80,1.52,6.47,1.83,5.07,2.10,4.07,1.87,"to award",1
659,"premio",5.15,1.36,7.10,1.56,3.20,1.30,4.63,1.54,"award",1
660,"preocupar",5.33,1.26,5.83,2.02,5.94,1.98,4.76,1.82,"to worry",2
661,"preparado",5.52,1.05,6.37,1.85,6.17,2.77,3.02,1.95,"qualified",1
662,"preparar",5.61,1.26,4.91,2.20,5.40,2.43,3.17,1.68,"to prepare",2
663,"presumido",4.70,1.45,4.50,2.03,5.99,2.25,3.77,1.66,"boastfull",1
664,"pretencioso",3.48,1.89,4.36,2.53,10.07,1.90,2.58,1.63,"conceited",3
665,"probar",5.68,1.03,5.00,1.66,4.63,2.62,4.43,1.63,"to try",1
666,"producto",5.52,1.13,3.91,1.63,7.60,2.53,3.00,1.70,"product",1
667,"programar",4.29,1.61,5.09,2.22,9.80,1.54,1.80,1.30,"to program",1
668,"prosperar",4.73,1.47,5.30,2.17,9.24,2.09,3.76,2.05,"to thrive",1
669,"prostituir",4.45,1.79,5.53,2.40,9.66,1.81,4.09,2.08,"to prostitute",1
670,"proteger",4.92,1.79,5.72,2.32,6.07,2.35,4.40,1.75,"to protect",1
671,"provincia",5.30,1.50,3.73,2.07,7.11,1.90,2.11,1.33,"province",1
672,"psicosis",3.83,1.54,6.50,2.40,10.47,1.82,4.46,2.13,"psychosis",1
673,"psicópata",3.60,1.73,4.72,2.61,10.07,1.62,3.77,1.85,"psychopath",1
674,"puñalada",3.85,1.98,6.80,2.66,7.71,2.56,4.59,1.72,"stab",1
675,"puro",4.36,1.77,5.30,2.23,7.87,2.42,4.07,1.91,"pure / cigar",3
676,"purulento",2.37,1.55,3.91,2.19,10.22,1.68,3.92,1.93,"purulent",3
677,"pústula",2.47,1.69,2.48,1.73,10.78,0.94,3.47,1.95,"pustule",1
678,"quejumbroso",1.93,1.51,2.84,1.91,10.04,2.28,3.16,1.97,"cranky",3
679,"quemar",4.89,1.73,7.30,1.79,4.87,2.43,5.20,1.65,"to burn",2
680,"quieto",5.10,1.77,3.53,2.51,3.80,3.20,3.03,1.63,"still",1
681,"quimioterapia",4.43,2.03,6.37,2.86,10.08,2.00,4.67,2.07,"chemotherapy",1
682,"racial",3.56,2.00,4.58,2.09,9.73,1.96,3.03,1.92,"racial",1
683,"reanimar",3.81,1.60,5.94,2.18,9.43,1.77,4.07,2.08,"revive",1
684,"recalcar",4.00,1.37,5.44,2.23,9.10,2.09,2.24,1.33,"to emphasize",1
685,"recibir",5.13,1.26,4.93,2.03,5.60,1.81,3.50,1.63,"to receive",2
686,"reciclar",5.37,1.19,5.73,1.68,6.94,2.03,3.76,1.66,"to recycle",2
687,"recolectar",3.53,1.56,4.37,1.77,7.45,1.82,2.85,1.48,"to gather",1
688,"recompensar",5.15,0.94,5.60,2.57,6.40,2.20,4.35,1.68,"to reward",1
689,"recriminar",3.80,1.53,6.15,1.64,9.93,1.53,3.97,1.79,"to reproach",2
690,"recrudecer",2.09,1.31,4.57,2.58,10.73,0.67,2.46,1.45,"to worsen",2
691,"redicho",3.06,1.33,4.37,1.69,8.99,2.50,2.54,2.02,"pretentious",3
692,"reemplazar",4.68,1.35,5.59,2.37,9.30,1.93,2.37,1.52,"to replace",1
693,"referir",4.98,1.63,4.17,1.46,8.84,2.19,2.07,1.25,"to refer",1
694,"reformar",3.96,1.65,4.19,1.80,8.50,1.91,2.27,1.44,"to remodel",1
695,"reforzar",4.75,1.22,5.70,1.73,8.47,2.13,3.80,1.92,"to reinforce",1
696,"refrescante",4.88,1.22,4.97,1.73,7.00,2.08,4.30,1.62,"refreshing",1
697,"regalar",5.30,1.38,4.83,1.76,3.73,1.26,4.20,1.73,"to give (a gift)",1
698,"regañar",4.88,1.63,6.03,2.14,3.70,1.70,4.00,1.80,"to scold",2
699,"reinar",4.23,1.49,6.84,2.64,6.37,3.26,2.43,1.41,"to reign",2
700,"reír",6.13,0.98,6.13,2.71,2.87,1.61,5.30,1.70,"to laugh",1
701,"relación",6.10,0.99,6.57,1.52,7.15,2.31,4.67,1.80,"relation / relationship",1
702,"relajación",5.80,1.19,5.13,2.56,6.50,2.82,4.47,1.71,"relaxation",1
703,"relax",5.43,1.37,5.06,2.92,8.33,2.09,4.57,1.65,"relax",1
704,"religioso",4.45,1.58,4.10,2.50,5.96,2.31,2.84,1.68,"religious",3
705,"remover",4.71,1.44,4.27,2.02,6.37,2.74,3.43,1.45,"to remove",1
706,"renacer",3.45,1.82,5.90,2.31,8.60,1.67,3.30,1.80,"to be reborn",1
707,"renovar",4.50,1.44,4.93,1.48,8.00,1.77,2.85,1.66,"to renew",1
708,"reprender",3.40,1.73,5.97,2.11,9.00,2.87,2.82,1.61,"to reprimand",1
709,"repugnancia",3.67,1.79,4.78,2.43,8.83,2.25,4.57,1.94,"revulsion",1
710,"repugnar",3.46,1.63,4.41,2.43,8.83,2.07,4.57,1.92,"to disgust",2
711,"repulsivo",4.44,1.81,5.34,2.57,8.88,2.32,4.82,1.41,"repulsive",1
712,"rescatar",4.28,1.39,5.93,1.98,7.01,2.57,4.15,1.88,"to rescue",1
713,"respetar",5.43,1.17,6.23,1.45,5.63,2.16,4.63,1.79,"to respect",1
714,"respiración",5.73,1.25,5.85,2.28,4.80,2.41,4.73,1.82,"breathing",1
715,"respirar",6.30,1.10,7.20,2.27,4.62,2.53,4.10,1.92,"to breathe",1
716,"resumir",5.03,1.40,4.80,1.95,7.13,1.55,2.73,1.53,"to sum up",2
717,"reventar",4.82,1.30,6.38,1.88,7.90,2.62,3.57,1.76,"to burst",1
718,"revoltoso",4.23,1.31,4.93,1.77,4.46,2.49,4.19,1.97,"naughty",1
719,"revolver",3.69,1.56,4.53,2.12,6.43,2.01,3.03,1.79,"to stir",1
720,"rezar",4.68,1.59,4.47,2.43,4.73,2.18,3.03,1.47,"to pray",1
721,"rico",5.73,1.15,6.17,2.12,4.40,2.58,4.10,1.83,"rich",3
722,"ridiculizar",4.40,1.77,5.30,2.45,7.91,2.30,4.52,1.89,"to ridicule",1
723,"ridículo",4.98,1.43,5.03,2.55,6.68,2.15,4.53,1.87,"ridiculous",1
724,"risueño",4.60,1.57,5.33,1.83,7.85,2.89,4.22,1.96,"smiley",1
725,"rival",4.68,1.62,6.27,2.07,6.84,2.03,3.89,1.81,"rival",1
726,"rizado",5.48,1.49,4.13,2.34,4.60,2.63,2.79,1.83,"curly",1
727,"robo",4.88,1.92,6.20,2.23,5.97,2.47,3.50,1.77,"theft",1
728,"robusto",3.78,1.69,6.03,2.28,8.90,2.04,3.13,1.76,"robust",1
729,"rogar",3.86,1.55,2.41,2.00,8.67,2.34,3.27,1.62,"to beg",1
730,"romper",5.90,1.16,6.23,2.10,3.81,2.55,3.94,1.83,"to break",2
731,"rosa",4.82,1.60,3.84,2.42,3.57,1.38,3.57,2.19,"rose",1
732,"rotular",3.25,1.34,3.97,1.88,8.41,2.60,2.93,1.77,"to label",3
733,"rudo",3.83,1.82,4.97,2.24,9.24,2.29,3.31,1.80,"rough",1
734,"rueda",4.44,1.85,3.00,1.81,3.33,1.18,2.67,1.92,"wheel",1
735,"ruin",3.40,1.71,5.23,2.64,9.06,2.41,3.72,1.92,"despicable",1
736,"rural",4.26,1.74,3.34,2.24,7.60,2.25,3.10,2.09,"rural",1
737,"sabiduría",4.73,1.59,6.41,2.34,8.43,2.33,3.40,1.81,"wisdom",1
738,"sacrificar",3.93,1.70,6.42,2.41,8.37,2.39,4.77,1.74,"to sacrifice",1
739,"salario",4.92,1.43,6.40,2.06,9.37,1.43,3.27,1.78,"salary",1
740,"salir",6.33,0.77,5.63,1.52,3.66,2.51,2.98,1.78,"to leave",2
741,"saltear",3.69,1.84,3.47,1.93,10.00,1.70,2.73,1.68,"to stir fry",1
742,"salvaje",4.68,1.20,6.70,1.68,6.14,2.57,3.78,1.76,"wild",1
743,"salvar",5.07,1.49,6.76,2.18,5.17,2.49,4.17,1.88,"to save",2
744,"sancionar",4.50,1.72,6.63,2.08,8.73,2.64,3.04,1.82,"to penalize",1
745,"sangrar",4.60,1.30,5.23,2.30,4.39,2.87,5.45,1.58,"to bleed",2
746,"sangre",5.60,1.22,5.67,2.43,3.25,1.43,4.82,2.04,"blood",1
747,"sano",5.55,1.04,7.37,1.69,4.57,1.48,3.77,1.79,"healthy",3
748,"satisfacción",5.37,1.45,7.00,1.82,7.82,2.97,4.07,1.91,"satisfaction",1
749,"sauna",3.56,1.57,3.38,1.93,9.27,2.16,4.40,1.92,"sauna",1
750,"seco",5.30,1.70,3.67,1.83,4.63,2.59,3.47,1.87,"dry",3
751,"secuestrar",4.35,1.96,7.13,2.19,7.99,2.51,4.79,1.93,"to kidnap",1
752,"sed",5.93,1.14,6.27,2.50,2.43,0.63,5.27,1.93,"thirst",1
753,"seducción",4.73,1.40,6.03,1.97,9.81,2.01,4.73,1.72,"seduction",1
754,"seducir",4.96,1.38,6.19,1.91,9.87,1.74,4.50,1.68,"to seduce",1
755,"seductor",4.56,1.68,5.13,2.24,10.03,1.52,3.93,1.82,"seductive",1
756,"sellar",3.98,1.96,3.87,2.34,7.66,2.51,2.49,1.44,"to seal",1
757,"selva",3.98,1.58,4.38,1.98,5.60,2.72,3.83,1.80,"jungle",1
758,"sencillo",5.73,1.24,3.33,2.34,5.74,2.28,2.68,1.54,"simple",1
759,"senderismo",3.90,1.55,4.07,2.20,8.66,2.21,3.59,1.97,"hiking",1
760,"sensato",4.66,1.47,5.58,1.92,9.13,1.98,3.40,1.79,"sensible",1
761,"sensibilidad",5.31,1.24,3.56,2.08,8.21,2.23,4.43,1.87,"sensitivity",1
762,"sentir",5.67,1.07,7.20,1.81,4.47,1.80,5.63,1.56,"to feel",2
763,"separación",4.92,1.43,5.23,2.60,6.38,2.65,4.51,1.79,"separation",1
764,"septentrional",2.21,1.58,3.04,2.16,10.63,0.79,2.07,1.62,"northern",1
765,"serenidad",4.19,1.43,3.81,2.18,9.60,1.81,3.97,2.11,"serenity",1
766,"servidumbre",2.70,1.78,2.71,2.21,9.83,1.95,2.47,1.74,"servants",1
767,"sexualidad",4.73,1.64,5.81,2.10,9.37,1.83,4.93,1.87,"sexuality",1
768,"siesta",5.50,1.38,4.33,2.37,3.94,2.70,4.07,2.08,"nap",1
769,"silencioso",4.92,1.44,3.37,1.81,5.11,2.24,4.14,1.81,"silent",1
770,"similar",4.53,1.19,4.27,1.57,8.14,2.41,2.21,1.71,"similar",1
771,"sincero",5.93,1.22,6.93,2.27,6.30,2.84,4.10,1.98,"sincere",1
772,"sintáctico",3.57,1.81,3.43,1.91,9.50,2.00,2.36,1.75,"syntactic",3
773,"sistemático",4.23,1.46,4.48,1.82,10.03,1.71,2.27,1.34,"systematic",3
774,"sífilis",2.60,1.51,5.75,2.53,10.59,1.09,3.86,2.20,"syphilis",1
775,"sobornar",4.05,1.85,5.28,2.62,10.10,1.49,3.03,1.79,"to bribe",1
776,"soborno",4.85,1.78,6.43,2.19,9.24,1.82,3.67,1.81,"bribery",1
777,"sobresaliente",4.90,1.52,7.53,1.20,6.47,1.81,4.73,1.80,"outstanding",1
778,"sobresalir",4.64,1.34,6.36,2.01,7.97,2.33,3.67,1.58,"to stand out",2
779,"sobrevivir",4.92,1.52,5.91,2.76,7.60,2.51,4.17,1.93,"to survive",1
780,"socorrer",3.72,1.75,5.93,1.95,7.88,2.34,4.30,1.76,"to help",1
781,"solidaridad",5.07,1.25,5.58,2.09,7.63,2.20,4.37,1.81,"solidarity",1
782,"sollozar",3.10,1.69,3.27,1.98,8.38,2.85,4.16,1.97,"to sob",2
783,"sonido",5.55,1.26,4.70,2.14,3.97,1.77,4.63,1.54,"sound",1
784,"sonreír",6.21,1.04,6.00,2.41,3.93,3.45,5.50,1.70,"to smile",1
785,"sonrisa",6.12,0.77,5.90,2.38,3.00,1.14,5.30,1.51,"smile",1
786,"sorprender",5.10,1.13,6.00,1.36,5.56,2.36,4.63,1.76,"to surprise",1
787,"sorpresa",5.45,1.08,6.70,1.51,3.30,1.21,5.33,1.71,"surprise",1
788,"sosiego",3.83,1.85,3.65,1.72,9.73,2.25,3.31,1.75,"calm",1
789,"sospecha",4.00,1.63,4.28,1.63,8.23,2.24,3.10,1.56,"suspicion",1
790,"sueldo",5.40,1.18,6.07,1.55,9.23,2.47,3.42,1.92,"wage",1
791,"suelo",4.65,1.55,3.53,1.91,2.87,1.36,2.43,1.91,"floor",1
792,"suerte",5.58,1.07,6.43,2.14,4.87,1.59,3.83,2.04,"luck",1
793,"sufrimiento",4.53,1.49,4.73,3.08,7.92,2.73,5.50,1.92,"suffering",1
794,"superación",5.58,1.43,8.10,1.16,7.67,2.76,4.28,2.05,"improvement",1
795,"suscribir",4.55,1.88,3.67,1.83,9.34,2.31,2.22,1.48,"to subscribe to",1
796,"suspenso",5.07,1.58,4.87,3.09,6.13,1.66,4.40,1.96,"fail",1
797,"sustancia",5.13,1.06,4.03,1.69,7.97,2.43,2.83,1.53,"substance",1
798,"susto",5.75,1.27,6.13,1.74,4.02,2.57,4.58,1.66,"scare",1
799,"susurrar",4.55,1.47,4.03,2.04,6.30,2.20,4.17,1.68,"to whisper",2
800,"susurro",4.65,1.61,3.60,2.09,6.47,2.39,4.22,1.76,"whispering",1
801,"tacaño",4.27,1.50,5.33,1.88,7.77,2.47,3.67,1.99,"stingy",1
802,"tacto",4.75,1.57,4.94,1.95,5.93,2.74,5.13,1.78,"touch",1
803,"tarea",5.15,1.26,5.13,1.89,5.03,2.13,3.37,1.90,"task",1
804,"teatro",5.45,1.55,6.00,2.24,5.06,1.82,3.73,1.61,"theatre",1
805,"techo",5.17,1.36,4.34,2.19,4.60,2.95,2.07,1.60,"ceiling",1
806,"tecla",5.40,1.31,2.77,1.87,5.50,2.73,2.54,1.89,"key",1
807,"tema",5.70,1.22,4.43,1.61,6.20,1.83,3.17,2.18,"theme",1
808,"temer",4.80,1.42,6.10,2.41,6.27,2.56,4.80,1.72,"to fear",2
809,"temerario",4.12,1.61,5.84,2.08,9.63,1.79,3.40,1.87,"reckless",1
810,"templado",5.10,1.60,4.17,1.78,5.25,2.63,3.78,1.81,"lukewarm",1
811,"templanza",3.30,1.93,4.30,2.32,10.07,1.46,2.97,1.69,"temperance",1
812,"temporal",5.07,1.47,4.17,2.26,7.26,2.26,3.24,1.70,"storm / temporary",1
813,"tenebroso",3.78,1.69,5.70,2.39,7.85,2.59,4.74,1.55,"sinister",1
814,"tentar",4.40,1.74,5.63,2.14,9.16,2.07,3.69,1.68,"to tempt",1
815,"ternura",5.05,1.49,4.43,2.76,6.52,2.51,5.47,1.61,"tenderness",1
816,"terremoto",4.53,1.63,7.07,1.71,6.40,1.99,4.92,1.81,"earthquake",1
817,"terrorismo",5.40,1.58,7.07,2.45,8.67,2.22,5.12,1.71,"terrorism",1
818,"texto",5.96,1.42,4.58,2.03,5.90,2.23,3.33,1.71,"text",1
819,"tétrico",3.18,1.17,5.63,2.36,9.24,2.23,4.02,1.75,"gloomy",1
820,"timado",3.93,1.41,4.40,2.85,9.20,1.88,3.50,1.91,"tricked",1
821,"timbre",4.32,1.58,4.23,2.14,4.13,1.53,4.00,1.76,"bell",1
822,"tiranía",3.52,1.45,7.06,1.82,9.60,1.73,3.63,1.99,"tyranny",1
823,"torcer",4.70,1.74,4.57,1.83,5.18,1.83,3.67,1.67,"to twist",1
824,"torcido",4.60,1.43,4.07,1.57,5.77,2.01,2.97,1.59,"twisted",1
825,"torear",4.10,1.89,4.80,2.47,6.92,2.61,3.58,2.02,"to bull fight",1
826,"tormento",3.91,1.37,5.81,2.29,9.20,2.12,3.33,1.75,"torment",1
827,"torturado",3.90,1.78,5.77,3.05,8.21,2.23,4.64,1.92,"tortured",1
828,"torturar",3.80,1.77,7.43,1.92,8.53,2.13,4.87,1.83,"to torture",2
829,"tosco",2.94,1.61,4.48,2.10,10.03,1.59,3.28,1.46,"coarse",3
830,"trabajador",5.75,1.01,6.37,1.97,5.68,2.47,3.31,1.72,"worker",1
831,"trabajar",5.85,1.06,5.94,2.05,4.73,2.10,3.57,2.08,"to work",2
832,"traición",3.96,1.79,5.28,2.81,8.67,1.86,3.90,1.77,"treason",1
833,"tramposo",4.88,1.72,5.37,2.22,4.48,1.35,3.91,1.94,"cheater",1
834,"tranquilidad",5.68,1.31,4.42,2.29,5.93,2.84,4.47,1.81,"tranquility",1
835,"transferible",3.60,1.58,4.30,1.53,9.61,1.71,2.67,1.71,"transferable",1
836,"translúcido",3.10,1.52,3.53,2.27,10.03,1.38,3.27,2.07,"translucent",1
837,"trastorno",5.40,1.51,6.20,2.23,9.76,1.98,3.98,1.91,"disorder",1
838,"tránsfuga",2.54,1.49,3.75,2.57,10.10,2.24,2.98,1.59,"fugitive",1
839,"tristeza",5.60,0.95,3.25,1.98,4.70,3.41,5.33,1.69,"sadness",1
840,"triturar",3.77,1.68,4.69,1.91,7.03,2.09,2.93,1.72,"to grind",1
841,"triunfador",4.77,1.79,7.77,1.79,7.67,2.71,3.96,2.04,"winner",1
842,"triunfar",4.86,1.57,7.52,1.72,7.33,2.71,4.13,1.74,"to triumph",1
843,"tubería",4.08,1.76,3.30,1.78,6.59,2.61,2.30,1.96,"pipeline",1
844,"tumbona",4.23,1.67,3.52,1.92,5.87,2.26,3.53,1.55,"deck chair",1
845,"turbulento",3.41,1.84,5.68,2.31,9.47,2.14,3.31,1.95,"turbulent",1
846,"unión",4.98,1.41,6.37,1.99,6.60,2.32,3.78,1.91,"union",1
847,"universal",4.47,1.64,6.57,2.30,8.17,1.80,3.17,1.84,"universal",1
848,"vacío",4.54,1.50,3.53,2.05,4.47,2.11,3.17,1.98,"empty",1
849,"vago",5.63,1.31,3.77,1.96,5.80,1.95,3.13,1.74,"lazy",3
850,"valor",5.19,1.28,6.82,2.10,6.97,2.19,3.83,1.95,"courage",1
851,"vapor",4.32,1.52,3.23,1.55,7.11,2.58,2.98,1.55,"steam",1
852,"vaso",6.15,1.47,3.17,1.91,2.70,0.98,3.06,1.92,"glass",1
853,"vegetación",4.20,1.47,4.37,2.14,6.77,1.55,4.00,1.86,"vegetation",1
854,"vejatorio",3.07,2.35,5.14,3.12,9.86,2.23,3.32,2.01,"hurtful",1
855,"velas",4.59,1.73,3.38,2.11,4.50,1.46,3.43,1.79,"candles",1
856,"vencer",4.88,1.08,8.00,0.91,6.37,2.29,4.14,2.04,"to beat",2
857,"verano",5.90,1.21,7.53,1.72,3.48,1.37,5.33,1.59,"summer",1
858,"verbalizar",3.68,1.61,4.17,2.05,8.60,2.37,3.03,1.87,"to verbalize",0
859,"vergüenza",5.69,1.19,4.09,2.82,5.37,3.18,4.77,1.83,"shame / embarrassment",1
860,"versionar",3.20,1.37,2.80,1.47,10.18,1.86,3.12,1.89,"to adapt",0
861,"viajar",5.64,1.15,5.85,2.22,4.60,2.51,4.73,1.93,"to travel",1
862,"viajero",5.52,1.57,4.87,2.37,6.26,2.62,3.33,1.95,"traveler",1
863,"victorioso",4.35,1.42,7.20,1.63,7.77,2.53,4.53,1.72,"victorious",1
864,"viejo",5.13,1.61,3.93,2.12,3.67,1.35,3.70,1.66,"old",3
865,"violador",4.02,1.86,8.00,1.58,9.33,1.97,4.83,2.00,"rapist",1
866,"violar",4.28,2.27,6.80,3.18,9.44,1.96,5.31,1.71,"to rape",1
867,"visualizar",4.62,1.79,4.70,1.93,8.10,2.34,4.27,1.84,"to visualize",1
868,"viudo",3.68,1.69,3.73,2.20,9.04,2.54,3.98,2.20,"widow",1
869,"vocalizar",4.57,1.56,4.24,2.12,6.80,2.55,3.77,1.57,"to enunciate",2
870,"volar",5.40,1.29,5.07,3.04,3.52,1.55,4.61,1.41,"to fly",1
871,"voltear",3.38,1.52,3.93,1.68,8.97,2.30,2.61,1.34,"to turn (over)",1
872,"voluptuoso",3.25,1.16,5.08,1.81,10.38,2.15,3.88,2.26,"voluptuous",1
873,"votar",5.15,1.56,5.87,1.94,7.83,2.85,3.40,1.83,"to vote",1
874,"yoga",4.07,1.52,3.42,2.02,9.60,2.18,3.60,1.89,"yoga",1
875,"zopenco",3.30,1.94,4.38,2.26,8.19,2.28,3.13,1.74,"stupid",1
